id,subject,topic_code,topic_name,question,optionA,optionB,optionC,optionD,answer,explanation,difficulty,tags
L11101-Q001,L11,L11101,AI的定義與分類,以下哪一項最能描述「人工智慧（AI）」的核心目標？,僅執行硬體驅動程式,提供靜態資料儲存空間,讓機器具備自主學習與推理能力,壓縮影音檔案體積,C,AI 的宗旨是使系統能在未知情境中自行學習並做出推論與決策。,1,"[""AI 定義"", ""自主學習""]"
L11101-Q002,L11,L11101,AI的定義與分類,『弱 AI（Weak AI）』又常被稱為？,超人工智慧（ASI）,強 AI（Strong AI）,通用 AI（AGI）,窄域 AI（Narrow AI）,D,弱 / 窄域 AI 針對單一領域或任務運作，與能跨領域推理的通用 AI 相對。,1,"[""弱 AI"", ""窄域 AI""]"
L11101-Q003,L11,L11101,AI的定義與分類,提出『圖靈測試（Turing Test）』以檢驗機器是否具備智能的科學家是？,艾倫•圖靈（Alan Turing）,馬文•明斯基（Marvin Minsky）,傑弗瑞•辛頓（Geoffrey Hinton）,安德魯•恩（Andrew Ng）,A,艾倫•圖靈於 1950 年提出用模擬對話判別機器是否能展現與人類無異的智能行為。,1,"[""圖靈測試"", ""歷史""]"
L11101-Q004,L11,L11101,AI的定義與分類,下列哪個年代被稱為第一次 AI 熱潮（AI Spring）？,1970–1980 年代,1950–1960 年代,1990–2000 年代,2010 年以後,B,符號式推理與早期專家系統研究在 1950–1960 年代掀起第一次 AI 熱潮。,1,"[""AI 歷史"", ""第一次熱潮""]"
L11101-Q005,L11,L11101,AI的定義與分類,能在多種領域展現類似人類水準能力的 AI 稱為？,狹域 AI,通用 AI（AGI）,類神經 AI,嵌入式 AI,B,AGI = Artificial General Intelligence，目標是跨領域推理與學習。,1,"[""AGI"", ""分類""]"
L11101-Q006,L11,L11101,AI的定義與分類,下列哪一項不屬於 AI 系統常見的三大面向？,感知（Perception）,推理（Reasoning）,行動（Action）,插值（Interpolation）,D,插值屬數值分析術語，並非 AI 能力面向常見分類。,1,"[""能力面向""]"
L11101-Q007,L11,L11101,AI的定義與分類,『專家系統（Expert System）』主要採用何種 AI 方法？,深度強化學習,符號式規則推理,生成對抗網路,進化計算,B,專家系統透過知識庫與規則庫進行符號式推理判斷。,1,"[""專家系統"", ""符號式 AI""]"
L11101-Q008,L11,L11101,AI的定義與分類,依據學習方式不同，將 AI 劃分為符號式 AI 與______。,機械控制,統計圖模型,計算智能（Computational Intelligence）,雲端運算,C,計算智能仰賴大量資料自動學習，與以專家規則為主的符號式 AI 相對。,1,"[""分類"", ""計算智能""]"
L11101-Q009,L11,L11101,AI的定義與分類,下列何者最常被視為『AI 計算三要素』之一？,紙張（Paper）,資料（Data）,水冷系統,寬頻網路,B,AI 發展依賴資料、演算法、運算力三要素。,1,"[""AI 要素""]"
L11101-Q010,L11,L11101,AI的定義與分類,機器學習（ML）與傳統程式設計最大差異在於？,ML 無需資料,ML 從資料中自動學得規則,傳統程式能自行調參數,ML 只能處理文字,B,ML 將『規則』的產生交給電腦透過數據歸納完成。,1,"[""ML"", ""定義""]"
L11101-Q011,L11,L11101,AI的定義與分類,下列 AI 分類中，何者依『智能水準』區分？,符號式 vs 計算智能,監督式 vs 非監督式學習,弱 AI vs 強 AI,黑盒 vs 白盒模型,C,弱 / 強 AI 依智能表現範圍與深度區分。,1,"[""分類"", ""智能水準""]"
L11101-Q012,L11,L11101,AI的定義與分類,人工智慧一詞最早由誰在 1956 年提出？,唐納德•赫布,艾倫•圖靈,赫伯特•賴特,約翰•麥卡錫（John McCarthy）,D,John McCarthy 在達特茅斯會議上首次提出 Artificial Intelligence 名稱。,1,"[""AI 歷史""]"
L11101-Q013,L11,L11101,AI的定義與分類,下列哪一個比喻常用來解釋人工神經網路的運作？,行星公轉,水循環系統,人腦的神經元連結,機械槓桿效應,C,神經網路以人腦突觸連接為靈感，透過權重調整學習模式。,1,"[""神經網路""]"
L11101-Q014,L11,L11101,AI的定義與分類,在 AI 分類中，將『感知 ? 認知 ? 行動』視為流程的架構稱為？,TCP/IP,ETL,Sense?Think?Act,CRUD,C,Sense?Think?Act 架構描述機器智能的三階段。,1,"[""流程""]"
L11101-Q015,L11,L11101,AI的定義與分類,下列何者不是人工智慧的常見應用領域？,自動駕駛,語音識別,手動鉛筆削,電子郵件過濾,C,手動削鉛筆沒有自動化智能參與。,1,"[""應用""]"
L11101-Q016,L11,L11101,AI的定義與分類,依是否具『自我意識』區分，哪一類 AI 被視為尚未實現？,反應型機器（Reactive Machine）,有限記憶機器,心智理論機器,專家系統,C,心智理論（Theory of Mind）AI 尚屬理論階段。,1,"[""分類"", ""自我意識""]"
L11101-Q017,L11,L11101,AI的定義與分類,提出『AI 冬天』一詞以描述研發低潮的常見原因不包括？,期望過高與資金不足,硬體算力限制,演算法停滯,軟體授權費用過低,D,軟體授權與 AI 冬天關聯性低。,1,"[""AI 冬天""]"
L11101-Q018,L11,L11101,AI的定義與分類,最早利用邏輯規則演繹做自動定理證明的程式為？,Deep Blue,Logic Theorist,AlphaGo,ELIZA,B,Logic Theorist 於 1955 年開發，被視為第一個 AI 程式。,1,"[""歷史"", ""定理證明""]"
L11101-Q019,L11,L11101,AI的定義與分類,若按『資料輸入／輸出』功能，AI 系統可區分為感測、推理與？,散熱排氣,網路交換,執行致能（Actuation）,磁碟備份,C,感知後需動作致能 (Actuation) 才能影響環境。,1,"[""功能""]"
L11101-Q020,L11,L11101,AI的定義與分類,下列關於「強 AI（Strong AI）」的敘述，何者正確？,僅適合單一任務,能在任務中表現勝過人類且具有意識,必須使用符號式方法,不能進行自我學習,B,強 AI 強調具意識與通用推理能力，目前仍屬研究目標。,1,"[""強 AI""]"
L11101-Q021,L11,L11101,AI的定義與分類,AI 的『黑盒（Black Box）』問題主要指？,視覺介面全暗,程式碼使用黑底,硬體機箱顏色,模型決策過程缺乏可解釋性,D,複雜模型如深度網路難以說明內部推論機制。,1,"[""可解釋性""]"
L11101-Q022,L11,L11101,AI的定義與分類,『Good?old?fashioned AI（GOFAI）』主要指？,深度學習,符號式 AI,進化計算,量子 AI,B,GOFAI 以符號與邏輯規則為核心。,1,"[""GOFAI"", ""符號式""]"
L11101-Q023,L11,L11101,AI的定義與分類,下列哪一組名詞依序對應『弱 AI、強 AI、超人工智慧（ASI）』？,超人類智慧／窄域 AI／通用 AI,通用 AI／窄域 AI／超人類智慧,窄域 AI／超人類智慧／通用 AI,窄域 AI／通用 AI／超人類智慧,D,弱=窄域、強=通用、ASI=超人類智慧階段。,2,"[""分類""]"
L11101-Q024,L11,L11101,AI的定義與分類,以下哪個敘述最能區分『符號式 AI』與『機器學習導向 AI』？,符號式 AI 一定使用 GPU,兩者均不需要資料,一者依賴專家規則，另一者依賴數據歸納,機器學習完全不需特徵工程,C,符號式 AI 人工編碼規則；機器學習透過資料自動學習。,2,"[""符號式"", ""ML""]"
L11101-Q025,L11,L11101,AI的定義與分類,假設一系統能在自然語言對話中騙過 30% 以上受測者，其通過的衡量標準最接近？,BLEU 分數,圖靈測試,蒙地卡羅樹搜尋,貝葉斯最佳化,B,圖靈測試以模擬對話判斷機器智能。,2,"[""圖靈測試""]"
L11101-Q026,L11,L11101,AI的定義與分類,下列哪種分類方法基於『可否產生新資料』區分 AI？,黑盒 vs 白盒,弱 vs 強,符號式 vs 連接式,鑑別式 vs 生成式,D,生成式模型能合成新樣本，鑑別式僅做判別。,2,"[""生成式"", ""鑑別式""]"
L11101-Q027,L11,L11101,AI的定義與分類,『連接主義（Connectionism）』AI 方法主要靈感來源為？,量子疊加,符號邏輯演算,遺傳遺傳學,生物神經系統,D,連接主義以人腦神經元連結為啟發。,2,"[""連接主義""]"
L11101-Q028,L11,L11101,AI的定義與分類,AlphaGo 的成功主要歸功於深度神經網路結合哪種技術？,KNN 演算法,遺傳演算法,蒙地卡羅樹搜尋（MCTS）,短路神經迴路,C,AlphaGo 使用卷積網路 + MCTS 估值搜索。,2,"[""AlphaGo""]"
L11101-Q029,L11,L11101,AI的定義與分類,在 AI 系統評估中，常以『性能?解釋性』兩軸比較模型；下列何者通常性能高但解釋性低？,線性迴歸,決策樹,深度神經網路,邏輯回歸,C,深度網路屬黑盒、性能優異。,2,"[""性能"", ""可解釋""]"
L11101-Q030,L11,L11101,AI的定義與分類,將 AI 依實體形態分為『軟體智能』與『______』。,實體機器人,雲端服務,智慧演算法,人機介面,A,具物理交互能力的 AI 被歸在機器人領域。,2,"[""形態""]"
L11101-Q031,L11,L11101,AI的定義與分類,哪一項能力最能體現廣義 AI 中的『自適應（Adaptation）』？,定時重啟作業系統,硬體風扇自動調速,模型可根據新資料在線更新,儲存空間自動壓縮,C,自適應指 AI 能自我學習調整行為。,2,"[""自適應""]"
L11101-Q032,L11,L11101,AI的定義與分類,在歷史發展上，『深度學習（Deep Learning）』突破的關鍵因素不包括？,大數據的可取得性,GPU 運算能力提升,改良的反向傳播演算法,量子計算普及,D,量子計算尚未成深度學習主流。,2,"[""深度學習"", ""時代""]"
L11101-Q033,L11,L11101,AI的定義與分類,若一 AI 系統可自動從環境獎勵學習策略，通常歸類於？,強化學習導向 AI,符號式推理,無監督分群,專家系統,A,強調與環境互動的為強化學習。,2,"[""分類"", ""RL""]"
L11101-Q034,L11,L11101,AI的定義與分類,在 AI 技能金字塔中，位於最底層、負責原始訊號輸入的層次是？,操控層,認知層,規劃層,感知層,D,感知層負責接收視覺、聽覺等訊號。,2,"[""技能金字塔""]"
L11101-Q035,L11,L11101,AI的定義與分類,『人工智慧』、『機器學習』與『深度學習』的關係，以下何者正確？,深度學習 與 人工智慧 無交集,機器學習 ? 深度學習 ? 人工智慧,人工智慧 ? 機器學習 ? 深度學習,深度學習 ? 機器學習 ? 人工智慧,D,深度學習為 ML 子集，ML 又為 AI 子集。,2,"[""關係""]"
L11101-Q036,L11,L11101,AI的定義與分類,AI 模型可解釋性（Explainability）研究的主要目的為？,讓人類理解模型決策邏輯,提高 GPU 算速,壓縮模型檔案,降低網路延遲,A,可解釋性有助信任與法規遵循。,2,"[""可解釋性""]"
L11101-Q037,L11,L11101,AI的定義與分類,布魯克斯（Rodney Brooks）提倡的『行動式機器人』強調？,從感知直接映射行動，弱化內部符號推理,增強邏輯規則庫,使用大型語言模型,僅限模擬環境,A,行動式機器人以 subsumption 架構實現反應式控制。,2,"[""行動式""]"
L11101-Q038,L11,L11101,AI的定義與分類,將 AI 系統分為『知覺智能』與『認知智能』主要依據？,處理資訊層級,硬體品牌,能源效率,程式語言,A,知覺負責感官輸入，認知處理推理決策。,2,"[""分層""]"
L11101-Q039,L11,L11101,AI的定義與分類,若 AI 可生成小說與詩詞，其主要表現了哪種智能？,創造智能（Creative Intelligence）,社交智能,體能智能,情緒智能,A,創造智能指合成原創內容的能力。,2,"[""創造智能""]"
L11101-Q040,L11,L11101,AI的定義與分類,下列何者用來衡量對話 AI 是否能持續維持主題、避免答非所問？,語境一致性（Context Coherence）,召回率,真實度分數,FLOPS,A,語境一致性是衡量語言智能的重要指標。,2,"[""評估"", ""對話""]"
L11101-Q041,L11,L11101,AI的定義與分類,在 AI 歷史中，ELIZA 被視為語言理解里程碑，其主要技術是？,隨機森林分類,深度神經網路,基於模式匹配的對話腳本,蒙地卡羅搜索,C,ELIZA 使用簡易規則與關鍵字匹配。,2,"[""ELIZA"", ""歷史""]"
L11101-Q042,L11,L11101,AI的定義與分類,『智慧爆炸（Intelligence Explosion）』假說與哪位科學家關聯最深？,J. McCarthy,I. J. Good,J. Schmidhuber,A. Newell,B,Good 在 1965 年提出自我完善 AI 可能帶來智慧爆炸。,2,"[""ASI"", ""爆炸""]"
L11101-Q043,L11,L11101,AI的定義與分類,若 AI 系統能同時聽懂指令並執行家電控制，屬於哪種智能整合？,多模態智能,單模態感知,脫機推理,強符號 AI,A,多模態整合語音、視覺、動作等多種訊號。,2,"[""多模態""]"
L11101-Q044,L11,L11101,AI的定義與分類,CRISP?DM 與 AI 定義關係最接近於？,定義 AI 智能層次,描述 AI 專案之資料挖掘流程,量化 AI 性能,比較 AI 模型大小,B,CRISP-DM 用於資料科學/AI 專案流程框架。,2,"[""CRISP-DM""]"
L11101-Q045,L11,L11101,AI的定義與分類,若用『AI 三角形』說明 AI 要件，下列不是其中之一？,演算法,資料,運算力,使用者介面,D,UI 為應用層議題，非 AI 基本要素。,2,"[""三要素""]"
L11101-Q046,L11,L11101,AI的定義與分類,一家公司宣稱其聊天機器人已達『一般人工智慧（AGI）』水準，以下哪一組測試最具說服力地驗證此宣稱？,能夠自動編寫 SQL 查詢,單一語料庫精確率提升到 99%,通過單次圖靈測試,多領域問答、跨模態推理、未知任務即時學習表現,D,AGI 應展現跨領域、即時適應與綜合推理能力，而非單一指標。,3,"[""驗證"", ""AGI""]"
L11101-Q047,L11,L11101,AI的定義與分類,『中國房間（Chinese Room）』思想實驗挑戰 AI 的哪項特性？,記憶容量,運算速度,理解與意識,能源效率,C,約翰•希爾勒以中國房間質疑語言操縱≠真正理解。,3,"[""哲學"", ""中國房間""]"
L11101-Q048,L11,L11101,AI的定義與分類,以下哪一個現象最能說明『符號接地（Symbol Grounding）』問題？,深度網路梯度消失,GPU 計算誤差,語言模型可生成語句但缺乏對現實世界真實對應,資料庫鎖死,C,未與感官經驗連結的符號無法真正承載意義。,3,"[""符號接地""]"
L11101-Q049,L11,L11101,AI的定義與分類,若深度網路在訓練資料外表現極差，除了過擬合外，還可能因為？,GPU 時脈過高,模型容量不足,資料分佈轉移（Distribution Shift）,資料標籤錯誤率為 0,C,分佈轉移導致模型無法泛化至新樣本。,3,"[""分佈轉移""]"
L11101-Q050,L11,L11101,AI的定義與分類,以下哪種指標最適合用來量化語言模型的『語義一致性』？,AUC,FLOPS,MSE,BERTScore,D,BERTScore 透過語義嵌入衡量句意相似度。,3,"[""評估"", ""語義""]"
L11101-Q051,L11,L11101,AI的定義與分類,『Moravec 悖論』對 AI 發展的啟示為何？,AI 無法下棋,人類感覺運動技能難以自動化，而邏輯推理反較易,AI 必須模擬人腦結構,法律限制 AI 發展,B,感知運動需要龐雜隱含計算，突顯人類直覺難度。,3,"[""Moravec"", ""悖論""]"
L11101-Q052,L11,L11101,AI的定義與分類,若要設計可同時處理語音、文本與影像的 AI 模型，首要挑戰是？,對齊不同模態的表徵空間（Alignment）,增加硬碟容量,降低螢幕亮度,改用 UDP 協定,A,跨模態對齊確保語音與影像在同一語意向量空間。,3,"[""多模態"", ""對齊""]"
L11101-Q053,L11,L11101,AI的定義與分類,將 AI 技能分級為『自動化』、『增強』與『自主』三層，完全無需人類介入決策的層級稱為？,自主層,自動化層,增強層,互動層,A,自主層指出 AI 完全負責決策與行動。,3,"[""技能層次""]"
L11101-Q054,L11,L11101,AI的定義與分類,下列哪種學派主張 AI 不需要符號推理即可達成智能？,符號主義,連接主義,計算主義,物理符號系統假說,B,連接主義依賴分散連結權重，不強調顯式符號。,3,"[""學派""]"
L11101-Q055,L11,L11101,AI的定義與分類,DeepMind 提出的『Gato』模型旨在展示？,最低功耗的 RNN,最快的 CNN 推斷速度,單一模型可在多任務多模態間泛化,最大參數量,C,Gato 證明 transformers 可多領域跨任務。,3,"[""Gato"", ""泛化""]"
L11101-Q056,L11,L11101,AI的定義與分類,如果 AI 系統能在新任務上僅看少量樣本即學會，則此能力被稱為？,強化學習,少樣本學習（Few?shot Learning）,聚類分析,零知識證明,B,Few-shot 能從極少數範例泛化。,3,"[""Few-shot""]"
L11101-Q057,L11,L11101,AI的定義與分類,『物理符號系統假說』認為______是具備一般智能的必要且充分條件。,操作符號的物理系統,深度神經網路,進化機制,量子計算,A,Newell & Simon 的假說強調符號操作重要性。,3,"[""哲學"", ""符號系統""]"
L11101-Q058,L11,L11101,AI的定義與分類,假設一語言模型產生帶偏見內容，最有效的源頭緩解方法是？,刪除使用者,在訓練資料階段進行去偏（Debiasing）,增加 GPU 算力,降低學習率,B,資料層面處理才能根本減少偏見。,3,"[""倫理"", ""偏見""]"
L11101-Q059,L11,L11101,AI的定義與分類,AI 安全領域提到的『值對齊（Value Alignment）』問題主要關注？,確保 AI 行為符合人類價值,提高模型計算速度,限制記憶體使用,增加數據集體量,A,值對齊避免 AI 偏離社會與道德期望。,3,"[""AI 安全"", ""Alignment""]"
L11101-Q060,L11,L11101,AI的定義與分類,若 AI 模型能夠自行產生新目標並學習達成，代表達到了哪種學習等級？,自主目標生成（Self?motivated Learning）,監督學習,K-Means 分群,ELM,A,自主動機學習為更高階智能特徵。,3,"[""學習階段""]"
L11101-Q061,L11,L11101,AI的定義與分類,以下哪一種框架用來量化 AI 系統對人類造成的潛在危害與受益？,ROC 曲線,AI 風險?效益分析矩陣,A/B 測試,梯度檢查,B,風險+效益矩陣協助政策制定。,3,"[""風險"", ""評估""]"
L11101-Q062,L11,L11101,AI的定義與分類,在討論超人工智慧（ASI）時，『控制問題（Control Problem）』指？,控制記憶體使用率,如何提高控制器溫度,如何控制模型大小,如何確保遠超人類智能的 AI 仍可被安全管控,D,ASI 若不受控可能帶來存在性風險。,3,"[""ASI"", ""控制問題""]"
L11101-Q063,L11,L11101,AI的定義與分類,以下哪一個論證支持「大腦即計算」的觀點？,計算主義（Computationalism）,行動本體論,唯名論,心靈?身體二元論,A,計算主義主張心智等同於數位計算過程。,3,"[""哲學"", ""計算主義""]"
L11101-Q064,L11,L11101,AI的定義與分類,對比『黑盒模型』，若模型結構與權重可被完全觀察並解釋，稱為？,白盒模型,灰盒模型,藍盒模型,隱盒模型,A,白盒模型具可解釋透明性。,3,"[""可解釋性""]"
L11101-Q065,L11,L11101,AI的定義與分類,在 AI 系統設計中，『符號?連接混合架構』的潛在優勢是？,完全避免訓練資料,兼具邏輯推理與感知學習優點,不需要硬體加速,模型參數固定不變,B,混合 AI 可整合解釋性與資料驅動特性。,3,"[""混合架構""]"
L11101-Q066,L11,L11101,AI的定義與分類,若 AI 系統能針對未來隨機事件進行策略規劃，最接近哪種智能？,被動反應智能,感知智能,機械智能,預測與規劃智能,D,高階智能包括長期規劃能力。,3,"[""預測"", ""規劃""]"
L11101-Q067,L11,L11101,AI的定義與分類,要驗證 AI 是否具備『意識（Consciousness）』，目前面臨的最大科學挑戰是？,缺乏客觀可測指標,GPU 不足,記憶體不足,缺少開源框架,A,意識屬主觀經驗，難以量化測量。,3,"[""心靈哲學"", ""意識""]"
L11102-Q001,L11,L11102,AI治理概念,AI 治理（AI Governance）的核心目標是確保 AI 系統 ________。,運算速度最快,安全可靠且符合法規,成本最低,能自我複製,B,AI 治理聚焦安全、可靠、符合倫理與法規。,1,"[""AI治理"", ""目標""]"
L11102-Q002,L11,L11102,AI治理概念,在 OECD 的 AI 原則中，要求 AI 系統應『以人為本』，這主要關注______。,提高 GPU 效率,尊重人權與福祉,降低網路延遲,增加行銷點擊率,B,Human?Centric 強調尊重基本權利與福祉。,1,"[""OECD"", ""Human-Centric""]"
L11102-Q003,L11,L11102,AI治理概念,以下哪一項屬於 AI 治理框架常見的主題？,像素渲染,可解釋性（Explainability）,資料壓縮演算法,視訊播放器,B,Explainability 是治理重點之一。,1,"[""可解釋性"", ""框架""]"
L11102-Q004,L11,L11102,AI治理概念,要確保 AI 決策可追溯，一般需要保存______。,螢幕分辨率,空調溫度,鍵盤佈局,模型版本與日誌,D,保存日誌與版本可進行事後審計。,1,"[""追溯性""]"
L11102-Q005,L11,L11102,AI治理概念,以下哪個組織發布了『可信賴 AI（Trustworthy AI）』指南？,歐盟（EU）,世貿組織,國際奧委會,NASA,A,EU HLEG 發布可信賴 AI 指南 (2019)。,1,"[""EU"", ""Trustworthy""]"
L11102-Q006,L11,L11102,AI治理概念,資料最小化（Data Minimization）原則旨在______。,僅蒐集必要資料,增加資料維度,重複儲存備份,刪除所有元資料,A,GDPR 強調只收集達成目的所需資料。,1,"[""資料最小化""]"
L11102-Q007,L11,L11102,AI治理概念,AI 偏見（Bias）最常源自於______。,螢幕閃爍,電池老化,訓練資料不平衡,CSS 樣式錯誤,C,資料偏差導致模型偏見。,1,"[""偏見"", ""資料""]"
L11102-Q008,L11,L11102,AI治理概念,以下哪一項屬於『負責任 AI（Responsible AI）』的實踐？,禁止外部審查,隱藏演算法準則,對外公開模型使用限制,忽略使用者投訴,C,透明度與責任歸屬是負責任 AI 關鍵。,1,"[""Responsible AI""]"
L11102-Q009,L11,L11102,AI治理概念,確保 AI 系統保護個人隱私的技術不包括______。,資料去識別化,同態加密,螢幕保護程式,差分隱私,C,前三者均為隱私保護技術。,1,"[""隱私"", ""技術""]"
L11102-Q010,L11,L11102,AI治理概念,AI 治理的『問責制（Accountability）』要求______。,有人對錯誤負責並可追究,增加硬體 RAM,刪除日誌,使用者匿名,A,問責制確保責任可追溯。,1,"[""問責制""]"
L11102-Q011,L11,L11102,AI治理概念,在 AI 專案中設置『AI Ethics Board』的主要目的是？,監督倫理風險,優化 SQL 查詢,減少 API 呼叫,設定螢幕亮度,A,倫理委員會負責識別及緩解風險。,1,"[""倫理委員會""]"
L11102-Q012,L11,L11102,AI治理概念,透明度（Transparency）在 AI 治理中特指？,網頁背景透明,顯示器通透度,揭露模型與資料使用方式,降低顏色飽和度,C,透明度讓利害關係人了解 AI 系統。,1,"[""透明度""]"
L11102-Q013,L11,L11102,AI治理概念,以下哪一項屬於『資料治理（Data Governance）』範疇？,滑鼠靈敏度,編輯器字體設定,按鈕配色,資料品質管理,D,資料品質、主數據管理均屬資料治理。,1,"[""資料治理""]"
L11102-Q014,L11,L11102,AI治理概念,如果 AI 系統違反 GDPR，監管機構可處以的罰款上限通常以什麼為基準？,模型大小,固定 1 萬歐元,GPU 數量,全球營收百分比,D,"GDPR 可罰 4% 全球年營收或 2,000 萬歐元。",1,"[""GDPR"", ""罰款""]"
L11102-Q015,L11,L11102,AI治理概念,AI 治理常提到的『三道防線』第一道通常是______。,業務部門自我檢核,外部審計,監管機構,使用者社群,A,第一道防線為業務單位風險自管。,1,"[""三道防線""]"
L11102-Q016,L11,L11102,AI治理概念,在 AI 治理流程中，『風險評估』應於何時進行？,整個生命週期都要進行,僅在模型訓練後,僅在上線前,僅在報廢時,A,持續性評估才能動態管控風險。,1,"[""風險評估""]"
L11102-Q017,L11,L11102,AI治理概念,歐盟 AI Act 根據風險將系統分為禁止、高風險、______、最低風險。,臨界風險,無風險,極高風險,有限風險,D,"四級：Prohibited, High, Limited, Minimal。",1,"[""EU AI Act""]"
L11102-Q018,L11,L11102,AI治理概念,下列哪項做法有助於提升 AI 模型的公平性（Fairness）？,增加層數,移除日誌,降低解析度,重新取樣平衡資料,D,平衡資料可降低偏見。,1,"[""公平性""]"
L11102-Q019,L11,L11102,AI治理概念,大多數 AI 治理框架均強調『人類監督（Human Oversight）』，是為了？,提高記憶體,保留最終決策權,壓縮圖片,縮短網路線,B,確保人類能介入修正不當行為。,1,"[""Human Oversight""]"
L11102-Q020,L11,L11102,AI治理概念,在 AI 透明度報告中，通常不需要披露？,使用者螢幕尺寸,演算法來源與版本,資料類型,模型限制,A,螢幕尺寸與模型無關。,1,"[""報告"", ""透明度""]"
L11102-Q021,L11,L11102,AI治理概念,AI 治理框架常見的 PDCA 循環，C 代表？,Create,Check,Cancel,Compute,B,PDCA: Plan?Do?Check?Act。,1,"[""PDCA""]"
L11102-Q022,L11,L11102,AI治理概念,『Explainable AI (XAI)』的目標不包括？,提高模型神祕感,增進使用者信任,支援法規合規,協助 debug,A,XAI 旨在解釋，而非增加神祕。,1,"[""XAI""]"
L11102-Q023,L11,L11102,AI治理概念,ISO/IEC 42001 標準主要針對何項 AI 治理議題？,使用者介面設計,視覺辨識精度,硬體電源管理,AI 管理系統框架,D,ISO/IEC 42001 提供 AI 管理系統要求與指引。,2,"[""ISO"", ""AI MS""]"
L11102-Q024,L11,L11102,AI治理概念,在 NIST AI 風險管理框架 (RMF) 中，用於『評估』風險的核心功能是哪一個？,Map,Govern,Measure,Manage,C,"RMF 包含 Map, Measure, Manage, Govern 四功能。",2,"[""NIST"", ""RMF""]"
L11102-Q025,L11,L11102,AI治理概念,以下哪種方法可用於?明判斷模型輸出對輸入特徵的敏感度，以支持可解釋性？,SHAP 值,Dropout,BatchNorm,Data Augmentation,A,SHAP 屬解釋方法，衡量特徵貢獻度。,2,"[""SHAP"", ""Explainability""]"
L11102-Q026,L11,L11102,AI治理概念,歐盟 AI Act 對高風險系統要求『CE 標誌』以示 ______。,價格合理,符合安全與治理要求,開源授權,低電量消耗,B,CE 標示產品符合歐盟法規標準。,2,"[""CE"", ""合規""]"
L11102-Q027,L11,L11102,AI治理概念,差分隱私 (Differential Privacy) 主要透過加入 ______ 來保護個資。,隨機雜訊,壓縮算法,加速指令,高斯模糊影像,A,加入噪聲保護單筆資料不可識別。,2,"[""Differential Privacy""]"
L11102-Q028,L11,L11102,AI治理概念,如果模型出現『概念漂移 (Concept Drift)』，最需要的治理動作為？,關閉 WiFi,增加散熱片,改變字體,重新訓練或調整模型,D,漂移導致表現下降需模型更新。,2,"[""概念漂移""]"
L11102-Q029,L11,L11102,AI治理概念,AI 倫理原則中的『正義 (Justice)』常被量化為 ______ 指標。,記憶體耗用,FLOPS,均衡錯誤率 (Equalized Error Rate),螢幕刷新率,C,錯誤率均衡檢測不同群體是否公平。,2,"[""正義"", ""公平""]"
L11102-Q030,L11,L11102,AI治理概念,使用 LIME 解釋模型時，LIME 的主要策略是？,隨機森林,全域梯度分析,訓練新模型,局部線性近似,D,LIME 對單一樣本周邊建立近似線性模型。,2,"[""LIME""]"
L11102-Q031,L11,L11102,AI治理概念,下列哪一項與 AI 治理中『冗餘機制 (Redundancy)』概念最符合？,刪除備援伺服器,多模型投票降低單點失效,關閉 GPU,減少日誌,B,Redundancy 透過多樣方法增加可靠性。,2,"[""冗餘"", ""可靠性""]"
L11102-Q032,L11,L11102,AI治理概念,『模型卡 (Model Card)』主要用來？,提供模型用途、限制與評估資訊,展示 GPU 溫度,生成 QR Code,設定按鈕樣式,A,Model Card 提升透明度與負責任使用。,2,"[""Model Card""]"
L11102-Q033,L11,L11102,AI治理概念,矯正 AI 偏見常用的後處理技術包括？,隨機初始化,批次正規化,閾值調整 (Thresholding),梯度裁剪,C,閾值調整可平衡敏感群體指標。,2,"[""偏見"", ""後處理""]"
L11102-Q034,L11,L11102,AI治理概念,『Shadow Model』在 AI 審計中的角色是？,生成影子圖像,增加推論速度,仿真生產模型行為以檢測洩漏,加密權重,C,用於 Membership Inference 等隱私評估。,2,"[""Shadow Model""]"
L11102-Q035,L11,L11102,AI治理概念,若 AI 系統涉及自動拒貸，根據 EU GDPR，使用者擁有要求 ______ 的權利。,退款保證,人工干預與解釋,免費硬體升級,隨時關閉銀行帳戶,B,GDPR Article 22 賦予人工干預權。,2,"[""拒貸"", ""GDPR""]"
L11102-Q036,L11,L11102,AI治理概念,風險導向 (Risk?Based) AI 監管框架的核心思想是？,依潛在危害程度採不同管控強度,全面禁止 AI,只監管硬體,僅要求開源,A,風險越高，要求越嚴格。,2,"[""Risk-based""]"
L11102-Q037,L11,L11102,AI治理概念,在 AI 資安 (Security) 管控中，對抗攻擊 (Adversarial Attack) 防護技術之一是？,關閉日誌,增大 learning rate,對抗訓練 (Adversarial Training),做資料壓縮,C,加入對抗樣本訓練增強魯棒性。,2,"[""Security"", ""Adversarial""]"
L11102-Q038,L11,L11102,AI治理概念,哈佛『道德機器人 (Moral Machine)』實驗主要探討 AI 的 ______ 議題。,資料壓縮,GPU 效率,UI 設計,道德抉擇與社會偏好,D,透過模擬駕車情境蒐集道德偏好。,2,"[""道德機器""]"
L11102-Q039,L11,L11102,AI治理概念,以下何者是 MIT Media Lab 提出的數位信任提升工具？,Ping 測試,Cache ?存,Overclock 工具,Fact Checking 系統,D,事實查核減少假訊息增進信任。,2,"[""信任"", ""Fact Check""]"
L11102-Q040,L11,L11102,AI治理概念,XAI 在醫療影像診斷的應用主要目的為？,減少醫院床位,提高影片幀率,讓醫師理解模型依據以輔助決策,降低影印成本,C,醫師需信任與理解 AI 建議。,2,"[""醫療"", ""XAI""]"
L11102-Q041,L11,L11102,AI治理概念,AI 治理中常用 RACI 矩陣來定義？,顏色配置,雲端費用計價,角色與責任分工,資料壓縮,C,"Responsible, Accountable, Consulted, Informed。",2,"[""RACI""]"
L11102-Q042,L11,L11102,AI治理概念,『可撤回性 (Revocability)』原則允許？,使用者要求停止 AI 處理個資,即時顯示 FPS,線上升級硬體,隨機增量學習,A,使用者可撤回同意。,2,"[""Revocability""]"
L11102-Q043,L11,L11102,AI治理概念,在 AI 生命週期管理中，『ML?Ops』結合了 ML 與 ______ 的最佳實踐。,DevOps,HR,Payroll,CRM,A,ML?Ops 支援自動化部署與監控。,2,"[""MLOps""]"
L11102-Q044,L11,L11102,AI治理概念,模型部署後持續監控指標不包括？,數據漂移,使用者螢幕亮度,性能延遲,錯誤率,B,螢幕亮度非模型指標。,2,"[""監控""]"
L11102-Q045,L11,L11102,AI治理概念,使用『隱私沙盒 (Privacy Sandbox)』技術可在不揭露 ______ 的情況下提供廣告定向。,字型大小,螢幕解析度,品牌 logo,個人識別資訊,D,Privacy Sandbox 提倡分群匿名。,2,"[""Privacy Sandbox""]"
L11102-Q046,L11,L11102,AI治理概念,欲驗證高風險 AI 系統符合 EU AI Act，開發者需提交『技術文件 (Technical Documentation)』，其中不包括？,性能測試結果,模型版本歷史,資料治理程序,個人員工薪資,D,薪資資訊非技術文件要求。,3,"[""EU AI Act"", ""文件""]"
L11102-Q047,L11,L11102,AI治理概念,『可解釋 AI』與『正確性』之間的潛在衝突通常稱作 ______ 難題。,費曼難題,性能?解釋平衡 (Accuracy?Interpretability Trade?off),雙重支出,旅行推銷員,B,提高解釋性可能犧牲性能。,3,"[""Tradeoff""]"
L11102-Q048,L11,L11102,AI治理概念,若要量化模型對少數族群的不公平，『平均預測差異 (Average Prediction Difference)』屬於哪種公平指標？,過度正規化,個體公平,群體一致性,統計差異型 (Statistical Parity),D,屬統計比較群體平均預測差異。,3,"[""Fairness"", ""Statistical""]"
L11102-Q049,L11,L11102,AI治理概念,對抗樣本進行投毒 (Data Poisoning) 會在何階段注入惡意樣本？,瀏覽器快取,推論階段,前端介面渲染,訓練資料收集或訓練階段,D,投毒目標是影響模型學習。,3,"[""Security"", ""Poisoning""]"
L11102-Q050,L11,L11102,AI治理概念,『Model Provenance』在治理語境中意指？,模型語言,模型來源及演變追蹤,數據備份,螢幕刷新率,B,確保模型版本與來源可溯源。,3,"[""Provenance""]"
L11102-Q051,L11,L11102,AI治理概念,AI 治理流程若採用『Hazard Analysis and Risk?Based Control (HARPC)』類似思維，其主要步驟不包含？,隨機關閉模型,識別危害,制定控制措施,監控並驗證,A,隨機關閉模型非 HARPC 步驟。,3,"[""HARPC"", ""Risk""]"
L11102-Q052,L11,L11102,AI治理概念,若機器學習系統使用外部開源模型，應用『SBOM (Software Bill of Materials)』可 ______。,降低 GPU 功耗,加快推論速度,列出組件與依賴以利安全審計,增加頁面互動,C,SBOM 有助識別漏洞。,3,"[""SBOM"", ""Supply Chain""]"
L11102-Q053,L11,L11102,AI治理概念,設計 AI 治理 KPI 時，『時間到偵測 (Time?to?Detect)』計量旨在評估？,RAM 使用率,模型推論秒數,網路延遲,從問題發生到被發現所需時間,D,TtD 越短治理越佳。,3,"[""KPI"", ""監控""]"
L11102-Q054,L11,L11102,AI治理概念,『Ethics?as?Code』概念建議將倫理原則 ______。,僅寫在手冊,以程式邏輯形式化並自動執行,交由 HR 管理,忽略,B,將倫理內嵌至程式確保一致。,3,"[""Ethics-as-code""]"
L11102-Q055,L11,L11102,AI治理概念,在多方安全計算 (MPC) 中，主要透過 ______ 使多方可協同訓練但不洩漏資料。,公用雲端儲存,密碼學協定分割機密,壓縮檔案,UI 設計,B,MPC 透過 secret sharing 保護資料。,3,"[""MPC"", ""Privacy""]"
L11102-Q056,L11,L11102,AI治理概念,可擴充負責任 AI 模型治理流程常採用哪些 DevSecOps 實踐？,關閉 CI/CD,人工複製檔案,自動化安全測試與持續監控,停用版本控制,C,DevSecOps 將安全內嵌開發流程。,3,"[""DevSecOps""]"
L11102-Q057,L11,L11102,AI治理概念,面對大型語言模型的『幻覺 (Hallucination)』問題，治理上推薦？,設置事實檢查與引用驗證機制,增加隨機采樣溫度,關閉注意力機制,減少參數,A,事實檢查可減少不實內容。,3,"[""Hallucination"", ""Governance""]"
L11102-Q058,L11,L11102,AI治理概念,AI 系統的『Red Teaming』測試主要目的是？,加快推論,模擬攻擊找出弱點,美化 UI,降低解析度,B,類似滲透測試，找出系統漏洞。,3,"[""Red Team"", ""Security""]"
L11102-Q059,L11,L11102,AI治理概念,在 AI 治理中使用『Formal Methods』可？,減少網路封包,提高螢幕亮度,以數學證明系統性質正確,壓縮圖片,C,形式驗證保障安全性。,3,"[""Formal Methods""]"
L11102-Q060,L11,L11102,AI治理概念,『Impact Assessment』報告需包含對 ______ 的潛在影響分析。,顯示器型號,GPU 製造商,汽車排氣量,個人、社會與環境,D,全面影響評估確保負責任。,3,"[""Impact Assessment""]"
L11102-Q061,L11,L11102,AI治理概念,聯邦學習 (Federated Learning) 在治理上的優勢之一是？,資料無需集中降低隱私風險,減少程式碼量,提高鍵盤反饋,增加硬碟空間,A,分散訓練保護個資。,3,"[""Federated Learning""]"
L11102-Q062,L11,L11102,AI治理概念,若 AI 系統在醫療診斷中出錯，根據『產品責任法』，責任歸屬可能落在？,掃描儀器,病患,製造/部屬方,供應鏈物流,C,製造或提供者需負產品責任。,3,"[""Liability""]"
L11102-Q063,L11,L11102,AI治理概念,『Algorithmic Impact Assessment (AIA)』流程通常不含哪一步？,利益相關者參與,隨機刪除所有資料,風險映射,緩解策略,B,刪資料並非 AIA 步驟。,3,"[""AIA""]"
L11102-Q064,L11,L11102,AI治理概念,利用『水印 (Watermark)』技術於生成影像，可幫助？,提高解析度,追溯來源與驗證真偽,減少噪聲,修改顏色,B,水印支持治理與版權。,3,"[""Watermark""]"
L11102-Q065,L11,L11102,AI治理概念,跨境資料傳輸治理常需符合哪一項國際機制？,MAC 位址,標準契約條款 (SCC),DNS 協議,SMTP,B,SCC 規定跨境資料傳輸保護。,3,"[""跨境"", ""SCC""]"
L11102-Q066,L11,L11102,AI治理概念,若模型使用受著作權保護的資料，治理上應考量？,降低學習率,增加 GPU 數,授權與版權合規,隨機初始化,C,需確保合法使用。,3,"[""IP"", ""Governance""]"
L11102-Q067,L11,L11102,AI治理概念,『Continuous Compliance』在 AI 治理表示？,只在開發階段檢查,年度一次審計即可,持續自動監測保證符合法規,關閉監控,C,自動化監控確保長期合規。,3,"[""Compliance""]"
L12101-Q001,L12,L12101,No Code / Low Code的基本概念,No Code 平台的最大特色是？,僅命令列介面,強制編譯 C 程式,拖放式視覺化開發,僅限本機部署,C,選項「拖放式視覺化開發」最符合題意，因此正確。,1,"[""LCNC"", ""NoC""]"
L12101-Q002,L12,L12101,No Code / Low Code的基本概念,Low Code 與傳統全程式開發相比，可帶來？,更短的開發週期,更高的指令集覆蓋,更低的 UI 互動性,必須寫組語,A,選項「更短的開發週期」最符合題意，因此正確。,1,"[""LCNC"", ""Low""]"
L12101-Q003,L12,L12101,No Code / Low Code的基本概念,以下哪一個屬於 No Code 網站建置工具？,gcc,Makefile,vi,Wix,D,選項「Wix」最符合題意，因此正確。,1,"[""LCNC"", ""以下哪""]"
L12101-Q004,L12,L12101,No Code / Low Code的基本概念,RPA (Robotic Process Automation) 主要用途？,聲音編碼,訓練深度神經網路,高頻硬體渲染,自動執行重複性業務流程,D,選項「自動執行重複性業務流程」最符合題意，因此正確。,1,"[""LCNC"", ""RPA""]"
L12101-Q005,L12,L12101,No Code / Low Code的基本概念,Citizen Developer 這個術語指？,非 IT 部門的業務開發者,政府軟體工程師,核心韌體維護者,網路設備管理員,A,選項「非 IT 部門的業務開發者」最符合題意，因此正確。,1,"[""LCNC"", ""Cit""]"
L12101-Q006,L12,L12101,No Code / Low Code的基本概念,No Code 價格模式最常見？,代幣挖礦付費,一次性盒裝授權,SaaS 訂閱制,硬體租賃,C,選項「SaaS 訂閱制」最符合題意，因此正確。,1,"[""LCNC"", ""NoC""]"
L12101-Q007,L12,L12101,No Code / Low Code的基本概念,Workflow 編排通常以什麼圖形呈現？,ASCII 藝術,B 樹,節點/箭頭流程圖,PCIe 拓撲圖,C,選項「節點/箭頭流程圖」最符合題意，因此正確。,1,"[""LCNC"", ""Wor""]"
L12101-Q008,L12,L12101,No Code / Low Code的基本概念,Schema?less NoSQL 資料庫在 PoC 階段的優勢？,強制 ACID 交易,不需事先定義欄位結構,完整 SQL2003 規格,支援 UEFI,B,選項「不需事先定義欄位結構」最符合題意，因此正確。,1,"[""LCNC"", ""Sch""]"
L12101-Q009,L12,L12101,No Code / Low Code的基本概念,在 No Code 平台中版本控制常透過？,自動快照/還原,手動 git rebase,diff 二進位,TFTP,A,選項「自動快照/還原」最符合題意，因此正確。,1,"[""LCNC"", ""在No""]"
L12101-Q010,L12,L12101,No Code / Low Code的基本概念,Serverless 與 No Code 結合可？,增加螢幕亮度,提升 8K 即時編碼,免維運後端且依用量計費,減低 DPI,C,選項「免維運後端且依用量計費」最符合題意，因此正確。,1,"[""LCNC"", ""Ser""]"
L12101-Q011,L12,L12101,No Code / Low Code的基本概念,哪一項屬於流程自動化 No Code 平台？,tmux,Photoshop,Zapier,ffmpeg,C,選項「Zapier」最符合題意，因此正確。,1,"[""LCNC"", ""哪一項""]"
L12101-Q012,L12,L12101,No Code / Low Code的基本概念,視覺化表單驗證常使用？,EEPROM 與 I2C,BIOS 旗標,規則/正則設定,手動 hex 編輯,C,選項「規則/正則設定」最符合題意，因此正確。,1,"[""LCNC"", ""視覺化""]"
L12101-Q013,L12,L12101,No Code / Low Code的基本概念,IFTTT 的運作模式為？,批次輪詢寫檔,事件觸發→動作,同步阻塞輪詢,DMA 直接存取,B,選項「事件觸發→動作」最符合題意，因此正確。,1,"[""LCNC"", ""IFT""]"
L12101-Q014,L12,L12101,No Code / Low Code的基本概念,拖放式 UI 所見即所得英文字首為？,FIFO,WYSIWYG,CRUD,CI/CD,B,選項「WYSIWYG」最符合題意，因此正確。,1,"[""LCNC"", ""拖放式""]"
L12101-Q015,L12,L12101,No Code / Low Code的基本概念,Low Code 平台常以 ______ 做前端擴充語言？,8086 ASM,Pascal,VHDL,JavaScript,D,選項「JavaScript」最符合題意，因此正確。,1,"[""LCNC"", ""Low""]"
L12101-Q016,L12,L12101,No Code / Low Code的基本概念,多租戶 (Multi?tenant) SaaS 最需注意？,螢幕刷新率,資料隔離與權限分層,冷卻管路,HVAC 風速,B,選項「資料隔離與權限分層」最符合題意，因此正確。,1,"[""LCNC"", ""多租戶""]"
L12101-Q017,L12,L12101,No Code / Low Code的基本概念,No Code Dashboard 工具範例？,Google Data Studio,GIMP,Wireshark,Tcpdump,A,選項「Google Data Studio」最符合題意，因此正確。,1,"[""LCNC"", ""NoC""]"
L12101-Q018,L12,L12101,No Code / Low Code的基本概念,Workflow 條件判斷元件常以？,布林條件/表達式,UART,PWM,I2C,A,選項「布林條件/表達式」最符合題意，因此正確。,1,"[""LCNC"", ""Wor""]"
L12101-Q019,L12,L12101,No Code / Low Code的基本概念,拖放式 AppGyver 主要用於？,跨平台行動 App,BIOS 編輯,NAS 韌體,VPN 伺服器,A,選項「跨平台行動 App」最符合題意，因此正確。,1,"[""LCNC"", ""拖放式""]"
L12101-Q020,L12,L12101,No Code / Low Code的基本概念,RPA 機器人帳號應該設定？,最小必要權限,Domain Admin,匿名 guest,Root 免密碼,A,選項「最小必要權限」最符合題意，因此正確。,1,"[""LCNC"", ""RPA""]"
L12101-Q021,L12,L12101,No Code / Low Code的基本概念,No Code 工具的 Marketplace 通常提供？,GPU 風扇,CPU 微碼,螢幕插座,預製模板與外掛,D,選項「預製模板與外掛」最符合題意，因此正確。,1,"[""LCNC"", ""NoC""]"
L12101-Q022,L12,L12101,No Code / Low Code的基本概念,導出原始碼 (Export Code) 功能可？,提升 HDR 對比,關閉 SSL,降低供應商鎖定,降低網速,C,選項「降低供應商鎖定」最符合題意，因此正確。,1,"[""LCNC"", ""導出原""]"
L12101-Q023,L12,L12101,No Code / Low Code的基本概念,Low Code Model?Driven 設計的核心？,以資料/元模型驅動 UI 與邏輯,以電壓驅動時脈,以 BIOS 旗標驅動,以色彩曲線驅動,A,選項「以資料/元模型驅動 UI 與邏輯」最符合題意，因此正確。,2,"[""LCNC"", ""Low""]"
L12101-Q024,L12,L12101,No Code / Low Code的基本概念,AutoML 服務在 LCNC 中可自動完成？,特徵工程及模型超參選擇,BIOS 超頻,聲音抗噪,Vsync 鎖定,A,選項「特徵工程及模型超參選擇」最符合題意，因此正確。,2,"[""LCNC"", ""Aut""]"
L12101-Q025,L12,L12101,No Code / Low Code的基本概念,Parallel Gateway 在 Workflow 中代表？,GPU 帶寬配置,強制單線程,併發執行多條路徑,HDMI 分路,C,選項「併發執行多條路徑」最符合題意，因此正確。,2,"[""LCNC"", ""Par""]"
L12101-Q026,L12,L12101,No Code / Low Code的基本概念,Template Governance 目的？,關閉 DHCP,控制螢幕 Gamma,審核/控管模板品質,調整 PWM,C,選項「審核/控管模板品質」最符合題意，因此正確。,2,"[""LCNC"", ""Tem""]"
L12101-Q027,L12,L12101,No Code / Low Code的基本概念,Shadow IT 在 LCNC 領域的成因？,PSU 超載,UPS 電量不足,業務可自行上雲開發,FPS 無限,C,選項「業務可自行上雲開發」最符合題意，因此正確。,2,"[""LCNC"", ""Sha""]"
L12101-Q028,L12,L12101,No Code / Low Code的基本概念,避免 Vendor Lock?in 的技術做法？,支援導出標準原碼或 REST API,僅支援私有 CLI,移除 SDK,限制 JSON,A,選項「支援導出標準原碼或 REST API」最符合題意，因此正確。,2,"[""LCNC"", ""避免V""]"
L12101-Q029,L12,L12101,No Code / Low Code的基本概念,安全沙箱對於插件的重要性？,增加電壓,提升解析度,降低扇噪,隔離執行避免越權,D,選項「隔離執行避免越權」最符合題意，因此正確。,2,"[""LCNC"", ""安全沙""]"
L12101-Q030,L12,L12101,No Code / Low Code的基本概念,事件驅動 Workflow 比輪詢效率高原因？,無需固定間隔檢查,增加 PWM,CPU Duty 降,I/O Wait 增,A,選項「無需固定間隔檢查」最符合題意，因此正確。,2,"[""LCNC"", ""事件驅""]"
L12101-Q031,L12,L12101,No Code / Low Code的基本概念,iPaaS 在 No Code 架構中的角色？,色彩校正,GPU 串流,連接/整合異質系統,磁碟重格式化,C,選項「連接/整合異質系統」最符合題意，因此正確。,2,"[""LCNC"", ""iPa""]"
L12101-Q032,L12,L12101,No Code / Low Code的基本概念,RPA 錄製流程易失效主因？,NTFS ACL,UI 元素定位改變,FSB 降低,螢幕 PPI 變動,B,選項「UI 元素定位改變」最符合題意，因此正確。,2,"[""LCNC"", ""RPA""]"
L12101-Q033,L12,L12101,No Code / Low Code的基本概念,Data Lineage 對治理的幫助？,增強音量,可追蹤資料來源及流向,減少 Frame Drop,固定背光,B,選項「可追蹤資料來源及流向」最符合題意，因此正確。,2,"[""LCNC"", ""Dat""]"
L12101-Q034,L12,L12101,No Code / Low Code的基本概念,Design?to?Code 流程首要步驟？,跑 MemTest,重開機,刷新 CMOS,解析設計稿為元件,D,選項「解析設計稿為元件」最符合題意，因此正確。,2,"[""LCNC"", ""Des""]"
L12101-Q035,L12,L12101,No Code / Low Code的基本概念,LCNC 微服務化後的挑戰？,跨服務依賴與版本管理,PWM 變頻,GPU 翻倍,LCD 漏光,A,選項「跨服務依賴與版本管理」最符合題意，因此正確。,2,"[""LCNC"", ""LCN""]"
L12101-Q036,L12,L12101,No Code / Low Code的基本概念,多環境部署 (Dev/QA/Prod) 通常透過？,光碟片,FTP 手動複製,U 盤安裝,一鍵推送/管線,D,選項「一鍵推送/管線」最符合題意，因此正確。,2,"[""LCNC"", ""多環境""]"
L12101-Q037,L12,L12101,No Code / Low Code的基本概念,DataOps 在 LCNC 需關注？,PCIe Lane,ISO 檔校驗,UART 波特率,資料版本/血統追蹤,D,選項「資料版本/血統追蹤」最符合題意，因此正確。,2,"[""LCNC"", ""Dat""]"
L12101-Q038,L12,L12101,No Code / Low Code的基本概念,Serverless 冷啟延遲對 No Code 流程影響？,PWM 抑制,提升 HDMI HDR,第一次呼叫變慢,DNS Flush,C,選項「第一次呼叫變慢」最符合題意，因此正確。,2,"[""LCNC"", ""Ser""]"
L12101-Q039,L12,L12101,No Code / Low Code的基本概念,Plugin SDK 最重要文件？,介面/事件生命週期,JTAG 指令表,USB 描述符,PCI Bridge,A,選項「介面/事件生命週期」最符合題意，因此正確。,2,"[""LCNC"", ""Plu""]"
L12101-Q040,L12,L12101,No Code / Low Code的基本概念,多租戶 SaaS 資料隔離可用？,單一 DB 共用 Table,Row?Level Security,共享帳號,明文日誌,B,選項「Row?Level Security」最符合題意，因此正確。,2,"[""LCNC"", ""多租戶""]"
L12101-Q041,L12,L12101,No Code / Low Code的基本概念,治理 Dashboard 常見 KPI？,HDR 洩漏率,GPU 越界率,PWM 死區,變更審核通過率,D,選項「變更審核通過率」最符合題意，因此正確。,2,"[""LCNC"", ""治理D""]"
L12101-Q042,L12,L12101,No Code / Low Code的基本概念,自動資料驗證常見方式？,手寫匯編,視覺規則編輯器,Core Dump 分析,JTAG 掃描,B,選項「視覺規則編輯器」最符合題意，因此正確。,2,"[""LCNC"", ""自動資""]"
L12101-Q043,L12,L12101,No Code / Low Code的基本概念,事件佇列順序不一致會導致？,Gamma 失衡,HDCP 停止,增色帶,流程非預期結果,D,選項「流程非預期結果」最符合題意，因此正確。,2,"[""LCNC"", ""事件佇""]"
L12101-Q044,L12,L12101,No Code / Low Code的基本概念,Policy as Code 在 LCNC 的優點？,增加背光 PWM,降低電壓,提升顯示解析度,程式化統一規則,D,選項「程式化統一規則」最符合題意，因此正確。,2,"[""LCNC"", ""Pol""]"
L12101-Q045,L12,L12101,No Code / Low Code的基本概念,Low Code DevOps GUI 編排缺點？,電源紋波增加,可程式彈性較低,PSNR 降低,Vsync 模糊,B,選項「可程式彈性較低」最符合題意，因此正確。,2,"[""LCNC"", ""Low""]"
L12101-Q046,L12,L12101,No Code / Low Code的基本概念,Low Code DSL 存在的最大價值？,提升光亮度,加快記憶體存取,以業務語意抽象減少程式碼,增加 CPU Cycle,C,選項「以業務語意抽象減少程式碼」最符合題意，因此正確。,3,"[""LCNC"", ""Low""]"
L12101-Q047,L12,L12101,No Code / Low Code的基本概念,Workflow 版本衝突常見解法？,強制覆蓋,Branch 合併審查,二進位 patch,重灌 OS,B,選項「Branch 合併審查」最符合題意，因此正確。,3,"[""LCNC"", ""Wor""]"
L12101-Q048,L12,L12101,No Code / Low Code的基本概念,Serverless 部署 LCNC 時最需關注？,執行 Timeout 與記憶體限制,色彩飽和度,機殼噪音,MAC 地址,A,選項「執行 Timeout 與記憶體限制」最符合題意，因此正確。,3,"[""LCNC"", ""Ser""]"
L12101-Q049,L12,L12101,No Code / Low Code的基本概念,跨雲部署 LCNC 面臨的挑戰？,SD 卡速度,PSU 容量,IR 信號,不同雲 API/服務差異,D,選項「不同雲 API/服務差異」最符合題意，因此正確。,3,"[""LCNC"", ""跨雲部""]"
L12101-Q050,L12,L12101,No Code / Low Code的基本概念,事件佇列觸發流程需注意？,色溫校準,訊息順序保持與重播策略,Gamma 曲線,USB 3.1 模式,B,選項「訊息順序保持與重播策略」最符合題意，因此正確。,3,"[""LCNC"", ""事件佇""]"
L12101-Q051,L12,L12101,No Code / Low Code的基本概念,Low Code 容器化 DevSecOps 重點？,超頻電壓,映像掃描與最小權限,降低 Vsync,提升 PPI,B,選項「映像掃描與最小權限」最符合題意，因此正確。,3,"[""LCNC"", ""Low""]"
L12101-Q052,L12,L12101,No Code / Low Code的基本概念,Data Fabric 結合 LCNC 的價值？,統一資料存取層與治理,提升 PWM 頻率,增加散熱面積,擴大色域,A,選項「統一資料存取層與治理」最符合題意，因此正確。,3,"[""LCNC"", ""Dat""]"
L12101-Q053,L12,L12101,No Code / Low Code的基本概念,Meta?Model Repository 能解決？,HDR 太高,BIOS 版本,PSNR 翻倍,多專案元資料版本一致,D,選項「多專案元資料版本一致」最符合題意，因此正確。,3,"[""LCNC"", ""Met""]"
L12101-Q054,L12,L12101,No Code / Low Code的基本概念,報表快速產生在大規模資料下瓶頸？,風扇噪音,查詢延遲與客戶端渲染,PWM 光暈,CR2032 電量,B,選項「查詢延遲與客戶端渲染」最符合題意，因此正確。,3,"[""LCNC"", ""報表快""]"
L12101-Q055,L12,L12101,No Code / Low Code的基本概念,GitOps 與 GUI Pipeline 的主要差異？,亮度調整,審核/回滾與程式化,PWM 過載,VGA 模式,B,選項「審核/回滾與程式化」最符合題意，因此正確。,3,"[""LCNC"", ""Git""]"
L12101-Q056,L12,L12101,No Code / Low Code的基本概念,LCNC SRE 監控核心指標是？,Gamma,PSNR,可用性 (Availability)、錯誤率,TPS,C,選項「可用性 (Availability)、錯誤率」最符合題意，因此正確。,3,"[""LCNC"", ""LCN""]"
L12101-Q057,L12,L12101,No Code / Low Code的基本概念,低代碼微服務拆分難點？,PWM ?值,跨服務事務與依賴管理,GPU 驅動,HDMI 速率,B,選項「跨服務事務與依賴管理」最符合題意，因此正確。,3,"[""LCNC"", ""低代碼""]"
L12101-Q058,L12,L12101,No Code / Low Code的基本概念,Design?to?Code 規格不一致將造成？,風扇 RPM,產出 UI 與設計落差,PWM 抖動,USB Hot?plug,B,選項「產出 UI 與設計落差」最符合題意，因此正確。,3,"[""LCNC"", ""Des""]"
L12101-Q059,L12,L12101,No Code / Low Code的基本概念,Policy as Code 落地 LCNC 的挑戰？,Vcore 上升,顯示器閃爍,PWM Leakage,缺乏可程式介面/鉤子,D,選項「缺乏可程式介面/鉤子」最符合題意，因此正確。,3,"[""LCNC"", ""Pol""]"
L12101-Q060,L12,L12101,No Code / Low Code的基本概念,Container 化帶來成本？,額外運行時與映像管理,電容老化,Fans Keep Alive,Luma Upscale,A,選項「額外運行時與映像管理」最符合題意，因此正確。,3,"[""LCNC"", ""Con""]"
L12101-Q061,L12,L12101,No Code / Low Code的基本概念,Workflow Orchestration 與 Choreography 治理差異？,IPS vs VA,MIPI vs LVDS,集中 vs 去中心,SATA vs NVMe,C,選項「集中 vs 去中心」最符合題意，因此正確。,3,"[""LCNC"", ""Wor""]"
L12101-Q062,L12,L12101,No Code / Low Code的基本概念,DRY 原則在視覺化開發中難以落實因？,色域限制,PWM 漂移,元件複製容易重複邏輯,PSU Inductor,C,選項「元件複製容易重複邏輯」最符合題意，因此正確。,3,"[""LCNC"", ""DRY""]"
L12101-Q063,L12,L12101,No Code / Low Code的基本概念,No Code 報表在巨量資料時需？,分頁查詢/Async Loading,增加亮度,升級 BIOS,改水冷,A,選項「分頁查詢/Async Loading」最符合題意，因此正確。,3,"[""LCNC"", ""NoC""]"
L12101-Q064,L12,L12101,No Code / Low Code的基本概念,Serverless 冷啟優化策略？,DDR5 升級,換導熱膏,PWM 高頻,預熱保持容器活動,D,選項「預熱保持容器活動」最符合題意，因此正確。,3,"[""LCNC"", ""Ser""]"
L12101-Q065,L12,L12101,No Code / Low Code的基本概念,多租戶資料隔離可透過？,IP 白名單,資料庫 Row?Level Security,PWM,SSD Trim,B,選項「資料庫 Row?Level Security」最符合題意，因此正確。,3,"[""LCNC"", ""多租戶""]"
L12101-Q066,L12,L12101,No Code / Low Code的基本概念,DataOps 血統追蹤可避免？,散熱不足,色溫偏移,數據來源不明/錯用,Vsync Tearing,C,選項「數據來源不明/錯用」最符合題意，因此正確。,3,"[""LCNC"", ""Dat""]"
L12101-Q067,L12,L12101,No Code / Low Code的基本概念,Integration Flow 延遲瓶頸常出現在？,LCD 反應,GPU 核心,PWM 陰影,串行連接器呼叫 (Connector),D,選項「串行連接器呼叫 (Connector)」最符合題意，因此正確。,3,"[""LCNC"", ""Int""]"
